scenario,car_wait_time,bike_wait_time,ped_wait_time,bus_wait_time,sync_success_rate,co2_emission_kg,pedestrian_phase_count,safety_violation_count,safety_violation_rate,ped_demand_ignored_count,ped_demand_ignored_rate,total_steps
Pr_0,6.8359,3.4163,0.0828,0.2640,0.731111,122884.5822,0,528,0.146667,0,0.000000,3600
Pr_1,6.4357,3.3624,0.0811,0.5000,0.691944,239184.5093,0,687,0.190833,0,0.000000,3600
Pr_2,6.3727,2.8546,0.0623,0.0558,0.680556,317046.1089,0,793,0.220278,0,0.000000,3600
Pr_3,7.5468,2.7985,0.0502,0.7639,0.671667,422083.9779,0,815,0.226389,0,0.000000,3600
