scenario,car_wait_time,bike_wait_time,ped_wait_time,bus_wait_time,sync_success_rate,co2_emission_kg,pedestrian_phase_count,safety_violation_count,safety_violation_rate,ped_demand_ignored_count,ped_demand_ignored_rate,total_steps
Pr_0,6.9570,4.1586,0.0839,0.2718,0.728500,328058.3256,0,1553,0.155300,0,0.000000,10000
Pr_1,7.5863,3.8698,0.0788,0.3251,0.710000,644285.5701,0,1850,0.185000,0,0.000000,10000
Pr_2,7.7336,3.4966,0.0736,0.2539,0.701100,909898.8357,0,2126,0.212600,0,0.000000,10000
Pr_3,8.5104,3.3148,0.0684,0.2522,0.681200,1226525.4367,0,2287,0.228700,0,0.000000,10000
Pr_4,11.1328,3.1579,0.0601,0.0600,0.652500,1457864.0700,0,2417,0.241700,0,0.000000,10000
Pr_5,14.2096,2.9656,0.0594,0.6252,0.622700,1769155.4372,0,2457,0.245700,0,0.000000,10000
Pr_6,16.9534,3.4476,0.0636,0.6913,0.613100,2105555.9087,0,2448,0.244800,0,0.000000,10000
